{"cameraMode":{"drawMode":0,"name":"Shaded","section":"Shading Mode"},"sceneLighting":true,"audioPlay":false,"sceneViewState":{"showFog":true,"showMaterialUpdate":true,"showSkybox":true,"showFlares":true,"showImageEffects":true,"showParticleSystems":true},"in2DMode":false,"pivot":{"x":0.06654204428195954,"y":0.704435408115387,"z":0.1113496795296669},"rotation":{"x":0.019199255853891374,"y":-0.1745673269033432,"z":0.003404497867450118,"w":0.9844523668289185},"size":1.1227762699127198,"orthographic":false}