{"cameraMode":{"drawMode":0,"name":"Shaded","section":"Shading Mode"},"sceneLighting":true,"audioPlay":false,"sceneViewState":{"showFog":true,"showMaterialUpdate":true,"showSkybox":true,"showFlares":true,"showImageEffects":true,"showParticleSystems":true},"in2DMode":false,"pivot":{"x":2.34686279296875,"y":-2.2476601600646974,"z":4.8422441482543949},"rotation":{"x":0.04308994114398956,"y":0.2869044542312622,"z":-0.012919106520712376,"w":0.9569053053855896},"size":6.918739318847656,"orthographic":false}