{"cameraMode":{"drawMode":0,"name":"Shaded","section":"Shading Mode"},"sceneLighting":true,"audioPlay":false,"sceneViewState":{"showFog":true,"showMaterialUpdate":true,"showSkybox":true,"showFlares":true,"showImageEffects":true,"showParticleSystems":true},"in2DMode":false,"pivot":{"x":38.934871673583987,"y":-19.113969802856447,"z":65.63941192626953},"rotation":{"x":0.06821765750646591,"y":-0.49370065331459048,"z":-0.03888477012515068,"w":-0.8660909533500671},"size":1.1071741580963135,"orthographic":false}