{"cameraMode":{"drawMode":0,"name":"Shaded","section":"Shading Mode"},"sceneLighting":false,"audioPlay":false,"sceneViewState":{"showFog":true,"showMaterialUpdate":true,"showSkybox":false,"showFlares":true,"showImageEffects":true,"showParticleSystems":true},"in2DMode":false,"pivot":{"x":41.875606536865237,"y":-18.567787170410158,"z":67.39495086669922},"rotation":{"x":0.06821765750646591,"y":-0.49370065331459048,"z":-0.03888477012515068,"w":-0.8660909533500671},"size":0.9933722615242004,"orthographic":false}