{"cameraMode":{"drawMode":0,"name":"Shaded","section":"Shading Mode"},"sceneLighting":true,"audioPlay":false,"sceneViewState":{"showFog":true,"showMaterialUpdate":true,"showSkybox":true,"showFlares":true,"showImageEffects":true,"showParticleSystems":true},"in2DMode":false,"pivot":{"x":3.827437400817871,"y":-0.32119083404541018,"z":-2.727222442626953},"rotation":{"x":-0.06097126007080078,"y":0.9387892484664917,"z":-0.22855345904827119,"w":-0.2504411041736603},"size":10.0,"orthographic":false}