{"cameraMode":{"drawMode":0,"name":"Shaded","section":"Shading Mode"},"sceneLighting":true,"audioPlay":false,"sceneViewState":{"showFog":true,"showMaterialUpdate":true,"showSkybox":true,"showFlares":true,"showImageEffects":true,"showParticleSystems":true},"in2DMode":false,"pivot":{"x":-16.8212890625,"y":7.356338024139404,"z":-15.375130653381348},"rotation":{"x":0.057743173092603686,"y":-0.711017906665802,"z":0.05879294499754906,"w":0.6983341574668884},"size":17.43239402770996,"orthographic":false}