{"cameraMode":{"drawMode":0,"name":"Shaded","section":"Shading Mode"},"sceneLighting":true,"audioPlay":false,"sceneViewState":{"showFog":true,"showMaterialUpdate":true,"showSkybox":true,"showFlares":true,"showImageEffects":true,"showParticleSystems":true},"in2DMode":false,"pivot":{"x":41.86292266845703,"y":-18.567787170410158,"z":67.40882110595703},"rotation":{"x":-0.16026347875595094,"y":-0.2378808557987213,"z":0.03983084857463837,"w":-0.9571578502655029},"size":63.13106918334961,"orthographic":false}