{"cameraMode":{"drawMode":0,"name":"Shaded","section":"Shading Mode"},"sceneLighting":true,"audioPlay":false,"sceneViewState":{"showFog":true,"showMaterialUpdate":true,"showSkybox":true,"showFlares":true,"showImageEffects":true,"showParticleSystems":true},"in2DMode":false,"pivot":{"x":-8.618171691894532,"y":2.693789482116699,"z":-18.474231719970704},"rotation":{"x":0.0930902436375618,"y":-0.8531495928764343,"z":0.16319385170936585,"w":0.48666876554489138},"size":16.52819061279297,"orthographic":false}