{"cameraMode":{"drawMode":1,"name":"Wireframe","section":"Shading Mode"},"sceneLighting":true,"audioPlay":false,"sceneViewState":{"showFog":true,"showMaterialUpdate":true,"showSkybox":true,"showFlares":true,"showImageEffects":true,"showParticleSystems":true},"in2DMode":false,"pivot":{"x":-12.296207427978516,"y":20.89988136291504,"z":1.9866883754730225},"rotation":{"x":0.3300684988498688,"y":0.6060419678688049,"z":-0.30472806096076968,"w":0.6564392447471619},"size":7.135368347167969,"orthographic":false}