{"cameraMode":{"drawMode":0,"name":"Shaded","section":"Shading Mode"},"sceneLighting":false,"audioPlay":false,"sceneViewState":{"showFog":true,"showMaterialUpdate":true,"showSkybox":false,"showFlares":true,"showImageEffects":true,"showParticleSystems":true},"in2DMode":false,"pivot":{"x":-17.693920135498048,"y":10.14813232421875,"z":0.8280450701713562},"rotation":{"x":-0.015393730252981186,"y":0.9844245314598084,"z":-0.11360964179039002,"w":-0.13341574370861054},"size":1.1728630065917969,"orthographic":false}