{"cameraMode":{"drawMode":0,"name":"Shaded","section":"Shading Mode"},"sceneLighting":true,"audioPlay":false,"sceneViewState":{"showFog":true,"showMaterialUpdate":true,"showSkybox":true,"showFlares":true,"showImageEffects":true,"showParticleSystems":true},"in2DMode":false,"pivot":{"x":-17.693920135498048,"y":10.14813232421875,"z":0.8162935972213745},"rotation":{"x":0.24442441761493684,"y":0.6812865734100342,"z":-0.2606467306613922,"w":0.6388893723487854},"size":1.620615005493164,"orthographic":false}