{"cameraMode":{"drawMode":0,"name":"Shaded","section":"Shading Mode"},"sceneLighting":true,"audioPlay":false,"sceneViewState":{"showFog":true,"showMaterialUpdate":true,"showSkybox":true,"showFlares":true,"showImageEffects":true,"showParticleSystems":true},"in2DMode":false,"pivot":{"x":-17.681549072265626,"y":9.880241394042969,"z":1.6095318794250489},"rotation":{"x":0.0016644704155623913,"y":-0.9750354290008545,"z":0.007312912493944168,"w":0.22192654013633729},"size":1.5181539058685303,"orthographic":false}