{"cameraMode":{"drawMode":0,"name":"Shaded","section":"Shading Mode"},"sceneLighting":true,"audioPlay":false,"sceneViewState":{"showFog":true,"showMaterialUpdate":true,"showSkybox":true,"showFlares":true,"showImageEffects":true,"showParticleSystems":true},"in2DMode":false,"pivot":{"x":-10.428990364074707,"y":8.841111183166504,"z":-2.567108154296875},"rotation":{"x":-0.029409874230623246,"y":-0.970589280128479,"z":0.1706075817346573,"w":-0.16731147468090058},"size":5.705181121826172,"orthographic":false}